,wager_pct,wager_count,wager_increments,profit_rate,loss_rate,broke_rate
0,0.06103768417360249,174,693,33.800000000000004,1.6,64.60000000000001
1,0.07084293100541628,815,660,17.1,0.2,82.69999999999999
2,0.028975753262329283,595,815,22.1,0.3,77.60000000000001
3,0.023981221005166725,248,653,34.8,2.4,62.8
4,0.016484095581814545,181,790,38.7,1.3,60.0
5,0.09382539795524623,329,587,25.4,1.2,73.4
6,0.03086920160682404,665,340,31.2,3.0,65.8
7,0.025210746033955705,394,416,36.4,4.3,59.3
8,0.0696735138703616,302,179,40.2,6.1,53.7
9,0.06546477608191972,926,821,13.900000000000002,0.5,85.6
10,0.06370036827760488,549,732,18.6,0.3,81.10000000000001
11,0.05118796795186339,744,480,25.0,1.0,74.0
12,0.032022911981039626,285,856,30.8,1.0999999999999999,68.10000000000001
13,0.09656305680784105,247,808,23.3,0.8,75.9
14,0.08589112760146714,122,235,43.2,11.0,45.800000000000004
15,0.08404720841204388,101,136,49.2,19.8,31.0
16,0.055938330028165326,965,252,26.400000000000002,1.0,72.6
17,0.0805501935088221,537,776,19.1,0.2,80.7
18,0.06731617968473745,730,994,13.100000000000001,0.0,86.9
19,0.07252532820811687,281,804,25.900000000000002,0.6,73.5
20,0.030788169710904527,908,983,13.100000000000001,0.0,86.9
21,0.023451426467578036,549,544,31.0,1.3,67.7
22,0.053458315673953365,145,373,47.0,9.4,43.6
23,0.04754793506658089,894,419,25.7,0.3,74.0
24,0.020780656481767336,239,500,44.3,4.7,51.0
25,0.029166161135294792,840,568,23.0,0.8999999999999999,76.1
26,0.04277255823169741,919,869,17.599999999999998,0.1,82.3
27,0.034538758532288716,146,450,51.2,8.9,39.900000000000006
28,0.04178604391177954,501,879,23.7,0.3,76.0
29,0.08776671933909241,860,856,14.399999999999999,0.2,85.39999999999999
30,0.048571803869796044,768,835,16.0,0.0,84.0
31,0.03193204105802349,388,632,31.3,1.5,67.2
32,0.08334044031826525,324,689,24.2,0.8999999999999999,74.9
33,0.03612991350648569,713,122,45.300000000000004,10.299999999999999,44.4
34,0.04109211266595697,631,683,22.7,0.6,76.7
35,0.09078461784700917,712,590,18.5,0.4,81.10000000000001
36,0.09747465365516222,925,635,14.000000000000002,0.0,86.0
37,0.013646764617837641,377,368,47.199999999999996,7.3999999999999995,45.4
38,0.057962836599893486,218,854,28.199999999999996,0.8999999999999999,70.89999999999999
39,0.045039514253347054,939,827,13.5,0.1,86.4
40,0.0300319299655031,632,336,35.3,2.6,62.1
41,0.040292427030988474,335,549,32.7,1.2,66.10000000000001
42,0.0950019906256711,211,188,42.4,5.5,52.1
43,0.04077116648964752,313,108,50.0,19.5,30.5
44,0.06634569356853154,616,579,20.5,0.6,78.9
45,0.053660980304877454,130,322,47.8,14.399999999999999,37.8
46,0.04268168794228159,616,104,40.1,10.0,49.9
47,0.011904068822047904,293,814,28.799999999999997,0.8999999999999999,70.3
48,0.02780195628461323,965,477,25.7,0.8,73.5
49,0.04789512603507512,611,757,19.8,0.6,79.60000000000001
50,0.01574437803079149,131,682,45.9,6.1,48.0
51,0.0649125121421384,972,512,21.4,0.3,78.3
52,0.06868157958948831,384,772,20.599999999999998,0.4,79.0
53,0.09076758075274828,133,999,29.599999999999998,0.7000000000000001,69.69999999999999
54,0.05889131724433549,676,529,23.5,0.4,76.1
55,0.05145743633382347,383,862,21.9,0.4,77.7
56,0.050691272935063106,279,456,36.199999999999996,1.7000000000000002,62.1
57,0.09360771055109379,149,406,39.300000000000004,3.6999999999999997,56.99999999999999
58,0.09140372721365109,244,794,25.0,0.4,74.6
59,0.07106712700822694,580,645,19.6,0.3,80.10000000000001
60,0.0822229161075992,393,340,28.799999999999997,2.0,69.19999999999999
61,0.08019564203762514,288,446,29.799999999999997,2.1,68.10000000000001
62,0.06346859606889126,981,923,11.899999999999999,0.1,88.0
63,0.05513729385601197,843,790,15.5,0.2,84.3
64,0.016626788831803303,838,730,19.7,0.2,80.10000000000001
65,0.01906187242145007,507,707,26.6,1.0,72.39999999999999
66,0.07225439162477441,353,297,35.3,2.6,62.1
67,0.010530914171878772,630,646,26.0,0.4,73.6
68,0.010313939337924537,732,132,48.8,24.099999999999998,27.1
69,0.05044920288761173,802,396,23.5,0.8999999999999999,75.6
70,0.057839341923026345,614,973,16.5,0.1,83.39999999999999
71,0.09056261257355536,965,891,10.2,0.0,89.8
72,0.05660870850524942,816,810,14.399999999999999,0.3,85.3
73,0.040848579224917726,373,591,27.700000000000003,1.6,70.7
74,0.037640132679461175,942,438,23.0,1.0,76.0
75,0.024346924868030154,200,482,46.5,6.6000000000000005,46.9
76,0.08768079949972461,208,357,34.9,2.8000000000000003,62.3
77,0.03211085359722357,244,240,50.1,16.8,33.1
78,0.058513682882091723,186,918,28.1,1.7000000000000002,70.19999999999999
79,0.022679223690537063,872,235,40.1,5.6000000000000005,54.300000000000004
80,0.052488182405565346,601,931,18.2,0.0,81.8
81,0.02395576890732387,321,701,32.6,1.4000000000000001,66.0
82,0.09509015732989905,729,867,12.1,0.1,87.8
83,0.09550617199176582,770,520,18.2,0.1,81.69999999999999
84,0.07246630498654955,886,391,20.7,1.0,78.3
85,0.03578256946008384,991,387,26.3,0.7000000000000001,73.0
86,0.07869507032745313,841,347,21.7,0.2,78.10000000000001
87,0.02159160626687433,835,246,40.300000000000004,4.1000000000000005,55.60000000000001
88,0.06363392783853503,183,386,42.3,4.8,52.900000000000006
89,0.05521987329372273,948,756,15.0,0.2,84.8
90,0.04391333229147764,101,413,51.4,14.000000000000002,34.599999999999994
91,0.08752683338443148,692,267,24.8,0.6,74.6
92,0.04343377519513801,609,872,18.3,0.2,81.5
93,0.07984969685823835,991,620,15.9,0.0,84.1
94,0.055035759122205895,239,413,37.7,3.8,58.5
95,0.02121607845302855,125,792,45.0,3.1,51.9
96,0.05205116496709546,822,857,15.1,0.3,84.6
97,0.07738987992543692,774,347,21.099999999999998,0.7000000000000001,78.2
98,0.04521678548630059,431,411,34.1,2.1999999999999997,63.7
99,0.07954509613700048,759,726,13.5,0.0,86.5
100,0.09421011001598138,534,242,26.0,1.4000000000000001,72.6
101,0.07681645907707121,560,333,26.700000000000003,0.8999999999999999,72.39999999999999
102,0.012976810427141067,386,166,50.2,28.599999999999998,21.2
103,0.09140493740127942,312,335,32.4,2.6,65.0
104,0.09039071297104977,243,846,24.8,0.8999999999999999,74.3
105,0.019067224333706688,470,986,20.7,0.1,79.2
106,0.015374314941527523,785,755,19.3,0.3,80.4
107,0.04894707727880249,536,495,26.8,1.0999999999999999,72.1
108,0.058783383958764646,660,434,25.4,0.4,74.2
109,0.0810878658540526,898,205,26.1,0.8,73.1
110,0.04671399623233469,248,312,45.7,7.000000000000001,47.3
111,0.06553181234234393,613,488,24.4,0.7000000000000001,74.9
112,0.04724756279338538,885,245,33.2,1.5,65.3
113,0.08971363007588287,110,278,47.5,10.8,41.699999999999996
114,0.03584694234509324,432,528,30.4,2.1,67.5
115,0.08995258799121278,995,243,20.200000000000003,0.6,79.2
116,0.06492444215442979,588,717,17.4,0.4,82.19999999999999
117,0.047646576101767944,997,998,14.399999999999999,0.0,85.6
118,0.0647176455904739,261,975,23.1,0.3,76.6
119,0.09340551918643598,982,379,18.099999999999998,0.2,81.69999999999999
120,0.021725645960679024,820,166,42.8,10.9,46.300000000000004
121,0.08895879158401333,783,834,14.000000000000002,0.1,85.9
122,0.07866867313434092,634,702,18.2,0.1,81.69999999999999
123,0.09809114791675698,122,364,42.4,6.9,50.7
124,0.02182576030749957,850,344,34.599999999999994,2.5,62.9
125,0.04998589545330661,159,343,46.9,9.9,43.2
126,0.05745121474646079,119,845,37.2,2.0,60.8
127,0.08595098728837362,743,719,14.399999999999999,0.1,85.5
128,0.03833006526519175,929,883,15.9,0.1,84.0
129,0.07567136184162311,342,251,34.2,3.2,62.6
130,0.09781198237617007,876,826,12.0,0.1,87.9
131,0.04035328519232913,448,661,25.5,0.8999999999999999,73.6
132,0.051460750510976275,313,682,29.599999999999998,1.0,69.39999999999999
133,0.07234462449585623,187,670,34.300000000000004,1.7000000000000002,64.0
134,0.08725198793365443,520,716,18.7,0.1,81.2
135,0.0623436615153832,415,385,30.7,2.0,67.30000000000001
136,0.019475655339430336,209,667,38.7,2.7,58.599999999999994
137,0.04798850868312192,816,848,16.3,0.3,83.39999999999999
138,0.08152676494794069,519,320,28.000000000000004,1.7999999999999998,70.19999999999999
139,0.05739659845568845,356,934,21.4,0.3,78.3
140,0.045773226421646725,965,514,20.0,0.4,79.60000000000001
141,0.08830348483417538,450,856,15.1,0.1,84.8
142,0.027358258990548494,818,355,31.900000000000002,1.3,66.8
143,0.016794162029525543,729,826,17.1,0.3,82.6
144,0.028311736579908944,618,942,20.0,0.2,79.80000000000001
145,0.0227186014840934,632,136,46.7,17.2,36.1
146,0.07228891032463793,468,788,20.1,0.4,79.5
147,0.08047519080579592,161,995,25.5,0.6,73.9
148,0.06207983596180592,756,498,22.8,0.5,76.7
149,0.04735729972277844,109,161,52.5,30.2,17.299999999999997
150,0.08344597963622448,654,941,13.3,0.1,86.6
151,0.062361112416151415,718,648,17.0,0.4,82.6
152,0.07366697742481966,166,614,34.9,1.9,63.2
153,0.039405534584098866,992,562,21.0,0.5,78.5
154,0.09439340884456723,480,599,21.3,0.8999999999999999,77.8
155,0.06714057536287592,619,984,12.6,0.0,87.4
156,0.0699302590856466,911,763,14.2,0.1,85.7
157,0.036616220505157705,511,700,24.8,0.8999999999999999,74.3
158,0.09037674744295954,165,784,31.3,1.6,67.10000000000001
159,0.08736151021321652,877,480,17.4,0.2,82.39999999999999
160,0.035202016893214554,987,106,41.699999999999996,7.199999999999999,51.1
161,0.0438305479641799,395,897,24.9,0.6,74.5
162,0.07152598258778656,147,608,38.3,3.0,58.699999999999996
163,0.06351219704763242,779,164,32.0,2.3,65.7
164,0.06337267744388683,666,993,14.7,0.0,85.3
165,0.09371480855864947,947,147,23.1,0.8999999999999999,76.0
166,0.04807994170134874,708,906,14.499999999999998,0.0,85.5
167,0.05633334275499233,714,312,30.2,1.7000000000000002,68.10000000000001
168,0.07407953678652492,889,573,15.1,0.0,84.89999999999999
169,0.049184148369599154,696,535,21.8,0.8,77.4
170,0.07936250257678913,660,164,29.2,1.4000000000000001,69.39999999999999
171,0.03436883433838865,869,600,19.8,0.0,80.2
172,0.06930200891914089,886,633,16.0,0.2,83.8
173,0.08710911668194143,976,808,12.3,0.0,87.7
174,0.07762367736760063,366,881,19.400000000000002,0.6,80.0
175,0.09890715579294525,590,948,14.899999999999999,0.3,84.8
176,0.028828010253527388,776,407,29.599999999999998,1.2,69.19999999999999
177,0.09950369551142865,518,625,21.3,0.1,78.60000000000001
178,0.012376081106653263,596,979,19.1,0.3,80.60000000000001
179,0.03079727623516426,207,301,49.0,13.900000000000002,37.1
180,0.05502326832431719,900,395,24.5,0.4,75.1
181,0.04406702412093697,169,300,47.9,12.4,39.7
182,0.09023493934136892,213,784,25.2,0.3,74.5
183,0.022987121659351552,100,517,53.2,14.899999999999999,31.900000000000002
184,0.04374247990847582,182,992,32.5,1.0999999999999999,66.4
185,0.05144495246568512,280,344,40.300000000000004,3.9,55.800000000000004
186,0.06734036103249375,562,524,23.1,0.3,76.6
187,0.013038825465445547,689,989,16.900000000000002,0.0,83.1
188,0.09137799971777165,941,732,13.5,0.0,86.5
189,0.05845914158837699,632,230,34.4,2.6,63.0
190,0.06604552013831186,763,796,15.1,0.1,84.8
191,0.08673743929211852,641,244,25.4,1.2,73.4
192,0.01077632949388946,973,260,37.2,5.5,57.3
193,0.02771033401823137,938,429,27.1,1.0,71.89999999999999
194,0.022683755143577816,253,523,42.9,5.3,51.800000000000004
195,0.011211585157291362,206,930,31.900000000000002,2.0,66.10000000000001
196,0.022489881436077233,174,989,30.2,1.6,68.2
197,0.023418962487780682,439,605,28.000000000000004,1.6,70.39999999999999
198,0.025260049702664798,594,960,19.5,0.2,80.30000000000001
199,0.09189344718299332,741,611,17.0,0.1,82.89999999999999
200,0.08980713956816586,903,732,14.299999999999999,0.0,85.7
201,0.06451473101623452,626,361,24.7,1.0999999999999999,74.2
202,0.06220119007197467,294,818,26.200000000000003,0.1,73.7
203,0.07079598061728085,664,978,15.5,0.3,84.2
204,0.02671936742302239,676,536,26.3,1.4000000000000001,72.3
205,0.02593797551565173,661,638,26.1,0.5,73.4
206,0.04122891445458949,836,229,34.699999999999996,2.7,62.6
207,0.09802795024288914,934,418,17.0,0.3,82.69999999999999
208,0.02542662850000671,842,393,28.799999999999997,1.5,69.69999999999999
209,0.045819537163693684,762,226,32.0,4.1000000000000005,63.9
210,0.030301402636481192,575,112,47.4,17.0,35.6
211,0.07101654399595936,299,901,22.8,0.2,77.0
212,0.07271038431654582,555,729,20.200000000000003,0.1,79.7
213,0.08347705154747605,188,816,27.3,1.0999999999999999,71.6
214,0.048144651169262885,676,785,16.400000000000002,0.7000000000000001,82.89999999999999
215,0.07292040925457374,699,547,20.599999999999998,0.2,79.2
216,0.08569717460802807,923,595,16.0,0.2,83.8
217,0.06078810088005935,625,856,17.599999999999998,0.2,82.19999999999999
218,0.08787850249406454,818,187,24.9,1.0999999999999999,74.0
219,0.0781909418593324,519,841,16.8,0.1,83.1
220,0.06839842736442119,250,955,23.5,0.4,76.1
221,0.08323790253505645,670,873,14.799999999999999,0.0,85.2
222,0.048074781145743935,516,332,32.4,2.9000000000000004,64.7
223,0.07688598985218023,345,338,31.4,1.6,67.0
224,0.05904651776818825,342,562,31.1,1.6,67.30000000000001
225,0.03512916528895039,622,831,20.4,0.1,79.5
226,0.01227613103076617,325,115,53.5,37.9,8.6
227,0.07152671090118966,819,913,13.600000000000001,0.1,86.3
228,0.03911752042650183,957,444,25.0,0.5,74.5
229,0.09577103725714936,498,659,17.599999999999998,0.2,82.19999999999999
230,0.03136648475978097,214,418,46.0,8.0,46.0
231,0.09010104367208906,835,428,18.9,0.1,81.0
232,0.03984922192129326,545,763,21.6,0.3,78.10000000000001
233,0.08968851148704356,499,716,19.900000000000002,0.5,79.60000000000001
234,0.09922536967725785,946,283,19.8,0.2,80.0
235,0.07204399513966143,378,665,23.5,0.4,76.1
236,0.018544912315176503,815,173,48.0,8.9,43.1
237,0.014384519247684604,173,957,31.3,1.7000000000000002,67.0
238,0.014579433574630062,966,926,16.0,0.0,84.0
239,0.08665175629402527,817,677,15.1,0.0,84.89999999999999
240,0.0805644353906212,159,953,27.1,1.6,71.3
241,0.08504704994453723,915,409,20.0,0.4,79.60000000000001
242,0.09776171987995738,349,187,35.0,2.1999999999999997,62.8
243,0.019631554334393224,311,927,24.6,0.7000000000000001,74.7
244,0.03080921699353198,188,881,31.8,1.9,66.3
245,0.08670886840081071,232,845,24.5,0.3,75.2
246,0.06583053225200841,403,234,34.5,4.6,60.9
247,0.04273731754245141,975,524,19.8,0.7000000000000001,79.5
248,0.0806158317873913,982,944,9.9,0.1,90.0
249,0.04849151644542067,446,410,31.7,1.6,66.7
250,0.02931312301931651,129,739,47.099999999999994,4.1000000000000005,48.8
251,0.0380420743049828,785,890,17.8,0.0,82.19999999999999
252,0.014865691123918343,139,693,46.6,4.9,48.5
253,0.012957063144452614,454,544,32.2,1.7000000000000002,66.10000000000001
254,0.08617011204010391,540,699,16.2,0.2,83.6
255,0.06875031427409872,759,431,23.799999999999997,0.2,76.0
256,0.0630199323514862,387,168,40.1,6.9,53.0
257,0.09842561367593033,855,400,15.7,0.3,84.0
258,0.02461933390237262,861,511,25.5,0.3,74.2
259,0.057345757729374475,406,740,23.3,0.2,76.5
260,0.024402896525879653,461,636,27.6,1.5,70.89999999999999
261,0.06546308787727356,225,161,43.0,11.4,45.6
262,0.055900902983446604,890,822,14.000000000000002,0.1,85.9
263,0.07327262069612046,566,701,16.400000000000002,0.2,83.39999999999999
264,0.04553071191297054,378,414,36.3,2.6,61.1
265,0.09948541609197738,584,716,14.399999999999999,0.0,85.6
266,0.07192236764019327,434,199,36.5,2.8000000000000003,60.699999999999996
267,0.07656512145702654,547,441,24.8,0.7000000000000001,74.5
268,0.0856664293626894,621,422,19.900000000000002,0.4,79.7
269,0.015857560814723084,499,813,22.400000000000002,0.6,77.0
270,0.02881413173835022,616,235,41.099999999999994,7.000000000000001,51.9
271,0.08320939165812741,175,296,41.4,5.6000000000000005,53.0
272,0.08598382368538647,581,792,17.1,0.1,82.8
273,0.07426080754913943,903,844,12.6,0.0,87.4
274,0.09637544356819955,220,296,37.3,2.9000000000000004,59.8
275,0.08794077461287957,345,766,21.7,0.3,78.0
276,0.039899345194304575,869,655,19.5,0.3,80.2
277,0.05117478404649707,471,243,36.8,4.6,58.599999999999994
278,0.07657155611733295,150,624,34.699999999999996,2.8000000000000003,62.5
279,0.09863348641467222,192,328,37.7,5.0,57.3
280,0.09113831327590659,235,706,30.099999999999998,0.6,69.3
281,0.08225084149956245,161,127,45.2,13.4,41.4
282,0.011256384587197943,732,968,17.299999999999997,0.2,82.5
283,0.03395745109874192,545,504,29.4,1.5,69.1
284,0.09234960590336277,894,908,12.2,0.2,87.6
285,0.08412191736801183,138,240,42.1,9.2,48.699999999999996
286,0.061541892282389286,597,176,33.7,3.2,63.1
287,0.07207287456892865,277,916,22.2,0.4,77.4
288,0.051072557779323374,753,853,16.7,0.0,83.3
289,0.0641138288685141,519,620,20.200000000000003,0.4,79.4
290,0.06960089264028055,533,577,21.3,0.2,78.5
291,0.04755816518534813,584,846,17.8,0.1,82.1
292,0.04105758210733546,722,600,23.1,0.7000000000000001,76.2
293,0.037263070281720455,472,598,27.700000000000003,0.3,72.0
294,0.07149265388827201,398,499,27.400000000000002,0.7000000000000001,71.89999999999999
295,0.030137908394703566,414,980,22.6,0.5,76.9
296,0.021969196071823065,670,811,18.5,0.2,81.3
297,0.07431055454081177,355,462,31.2,2.0,66.8
298,0.023881221847008974,492,644,30.599999999999998,1.5,67.9
299,0.012457532124609606,964,718,16.5,0.4,83.1
300,0.012851742434125572,389,249,51.0,12.4,36.6
301,0.09750215496048692,480,258,25.5,1.5,73.0
302,0.08173854516133532,675,506,19.8,0.3,79.9
303,0.08409714930565752,816,279,20.1,0.7000000000000001,79.2
304,0.0713289953500988,665,434,23.200000000000003,0.7000000000000001,76.1
305,0.06112777061895931,679,145,37.8,3.4000000000000004,58.8
306,0.022182380910462936,600,545,26.1,1.7000000000000002,72.2
307,0.046145828120223706,575,269,35.5,3.5999999999999996,60.9
308,0.08635900888543294,558,185,27.3,1.9,70.8
309,0.010467663309322221,837,232,46.800000000000004,7.8,45.4
310,0.06736010083342585,736,216,28.1,2.1999999999999997,69.69999999999999
311,0.05731082722807342,575,414,28.1,1.0,70.89999999999999
312,0.0799794026885186,138,452,42.9,5.7,51.4
313,0.06473967848567094,577,330,29.2,1.2,69.6
314,0.04480444145017589,661,830,18.6,0.4,81.0
315,0.06307038008444082,182,351,46.2,6.2,47.599999999999994
316,0.04686197277470525,393,152,42.5,9.3,48.199999999999996
317,0.019756866687574745,385,718,28.000000000000004,0.8999999999999999,71.1
318,0.030700772357186698,475,823,23.0,0.5,76.5
319,0.010711798563291025,428,161,52.900000000000006,26.5,20.599999999999998
320,0.06768943896268262,643,284,28.1,1.9,70.0
321,0.07264209163257809,910,466,19.8,0.4,79.80000000000001
322,0.05120479446728123,216,213,49.6,12.7,37.7
323,0.015744903160692266,148,101,54.300000000000004,43.2,2.5
324,0.021253882683893,440,143,54.400000000000006,21.9,23.7
325,0.04257074269872479,314,609,30.099999999999998,1.9,68.0
326,0.08118218313296556,649,625,19.8,0.2,80.0
327,0.05087149732534589,618,112,42.4,6.6000000000000005,51.0
328,0.0722666411871995,515,561,23.5,0.5,76.0
329,0.014537993180085512,698,358,40.6,1.9,57.49999999999999
330,0.036169189410037855,319,586,32.2,1.3,66.5
331,0.014419215217920429,577,779,21.9,0.1,78.0
332,0.07043802962721621,920,516,16.400000000000002,0.0,83.6
333,0.07240632205015837,470,325,29.2,0.8,70.0
334,0.04687976978959875,112,458,51.300000000000004,8.3,40.400000000000006
335,0.026327832559252126,151,501,49.1,7.6,43.3
336,0.0441038354896115,637,564,26.0,0.7000000000000001,73.3
337,0.04032997681739806,252,553,36.5,2.9000000000000004,60.6
338,0.09832548339527124,427,359,23.0,0.7000000000000001,76.3
339,0.06464185787568762,579,277,29.599999999999998,1.7999999999999998,68.60000000000001
340,0.01101109394129766,951,113,49.9,23.0,27.1
341,0.019742510788019633,161,279,53.2,22.1,24.7
342,0.016454825903655032,654,265,47.099999999999994,7.000000000000001,45.9
343,0.09191661591535147,924,133,23.599999999999998,1.0,75.4
344,0.08357005454643567,120,351,44.3,8.3,47.4
345,0.06259533093216404,123,888,35.8,1.5,62.7
346,0.09413806600999025,242,276,33.5,3.6999999999999997,62.8
347,0.03946663080234412,145,936,37.7,1.4000000000000001,60.9
348,0.05684240230696049,719,755,18.7,0.1,81.2
349,0.018856367970095538,852,993,13.700000000000001,0.1,86.2
350,0.05013407066659273,905,123,34.4,3.5000000000000004,62.1
351,0.09683086474218716,531,673,18.2,0.4,81.39999999999999
352,0.030891368889407682,918,796,18.3,0.0,81.69999999999999
353,0.02353525155886849,965,692,17.599999999999998,0.1,82.3
354,0.0323099900479485,449,187,46.800000000000004,10.6,42.6
355,0.027819842455000923,101,447,55.800000000000004,12.5,31.7
356,0.0469252819615677,222,474,39.5,5.0,55.50000000000001
357,0.03634526007934068,788,414,28.499999999999996,0.4,71.1
358,0.09031669867713431,775,146,28.499999999999996,0.5,71.0
359,0.021409877593467103,434,727,27.900000000000002,0.7000000000000001,71.39999999999999
360,0.05962923129097706,127,618,42.8,3.6999999999999997,53.5
361,0.056343415822479814,378,996,19.5,0.2,80.30000000000001
362,0.09859079990872414,368,919,17.299999999999997,0.1,82.6
363,0.023167169530442643,381,878,28.1,0.1,71.8
364,0.07745603096131405,642,607,19.2,0.4,80.4
365,0.011690358874776458,332,851,27.400000000000002,0.6,72.0
366,0.025996139454079754,996,933,12.5,0.1,87.4
367,0.06302980610571396,477,883,19.5,0.1,80.4
368,0.05818075166248845,236,995,23.400000000000002,0.4,76.2
369,0.05591795889042705,186,224,45.1,14.399999999999999,40.5
370,0.06572787197954517,170,422,39.5,4.8,55.7
371,0.012941021844070076,929,877,15.9,0.3,83.8
372,0.047875199069738354,744,943,14.099999999999998,0.0,85.9
373,0.08872398456803679,487,971,16.2,0.1,83.7
374,0.024593784706137288,988,378,29.2,1.0999999999999999,69.69999999999999
375,0.011725916894676454,502,630,27.200000000000003,0.8999999999999999,71.89999999999999
376,0.01462546122617218,447,627,28.1,1.3,70.6
377,0.047938811831846236,569,231,39.4,3.0,57.599999999999994
378,0.013245607218380463,539,241,46.5,11.1,42.4
379,0.053421368128789365,223,605,34.5,1.7000000000000002,63.800000000000004
380,0.047623244548768866,866,679,17.8,0.4,81.8
381,0.01768986453562916,322,439,40.8,5.1,54.1
382,0.09315310754783428,778,144,24.8,0.8,74.4
383,0.08732697695149368,587,364,25.1,1.0999999999999999,73.8
384,0.04298769498653553,587,475,27.500000000000004,1.0999999999999999,71.39999999999999
385,0.08504716111936711,657,967,14.799999999999999,0.0,85.2
386,0.06066169115583574,450,459,27.500000000000004,1.3,71.2
387,0.060416935328508524,235,277,45.4,6.5,48.1
388,0.07116033166188758,925,678,15.1,0.1,84.8
389,0.015607919206467924,656,222,48.0,10.6,41.4
390,0.09030556560508465,531,749,18.0,0.3,81.69999999999999
391,0.07999629675978241,344,968,18.7,0.2,81.10000000000001
392,0.03604703079614976,444,190,42.1,9.5,48.4
393,0.02706594357036457,732,841,20.0,0.2,79.80000000000001
394,0.053184088723155665,235,677,29.299999999999997,2.8000000000000003,67.9
395,0.057787509456506604,847,338,26.6,0.7000000000000001,72.7
396,0.08076786335681921,761,451,18.099999999999998,0.3,81.6
397,0.07995193882653616,291,441,30.0,1.0999999999999999,68.89999999999999
398,0.058776217599513424,765,970,12.4,0.1,87.5
399,0.03111795185435491,919,298,33.5,1.6,64.9
400,0.0641515172434595,174,158,48.9,13.900000000000002,37.2
401,0.09122142067571784,857,835,12.5,0.1,87.4
402,0.0651235877307562,518,566,24.099999999999998,0.4,75.5
403,0.08597370084563016,348,521,24.3,1.5,74.2
404,0.09094671865444603,237,917,24.8,1.6,73.6
405,0.07511703442504977,688,992,14.399999999999999,0.0,85.6
406,0.017369951636151456,127,151,53.6,41.699999999999996,4.7
407,0.09305726697513254,866,796,14.000000000000002,0.0,86.0
408,0.08614065737040995,905,467,17.7,0.2,82.1
409,0.06001255769832145,464,224,36.8,2.6,60.6
410,0.06026450516371085,247,351,39.0,3.5999999999999996,57.4
411,0.0886597996932446,113,127,46.2,15.6,38.2
412,0.029905798549097938,668,691,24.2,0.6,75.2
413,0.054608776048687,213,428,43.5,3.5000000000000004,53.0
414,0.06506745026502672,583,459,23.599999999999998,0.8,75.6
415,0.09209040032596653,933,694,15.4,0.0,84.6
416,0.09697897040270055,775,265,22.6,1.0999999999999999,76.3
417,0.0477614977735953,761,574,21.4,0.2,78.4
418,0.0747522343569106,563,146,33.300000000000004,2.8000000000000003,63.9
419,0.02476640018293759,165,168,53.0,33.2,13.8
420,0.09438326941162971,165,210,41.5,7.7,50.8
421,0.026863538565246182,476,578,31.3,1.6,67.10000000000001
422,0.06292609721999594,193,801,28.999999999999996,1.2,69.8
423,0.04039225981562513,746,324,30.8,1.6,67.60000000000001
424,0.025772336217585283,342,359,45.9,5.3,48.8
425,0.010099465209167638,314,164,53.7,32.6,13.700000000000001
426,0.044326640144034944,770,383,26.400000000000002,1.0999999999999999,72.5
427,0.04990640917882044,850,946,13.8,0.0,86.2
428,0.022495585263136567,624,940,17.2,0.4,82.39999999999999
429,0.08972965688533455,521,792,18.8,0.2,81.0
430,0.013080582685815693,316,664,34.300000000000004,1.0,64.7
431,0.016206797611853865,465,984,18.5,0.1,81.39999999999999
432,0.024979287752760503,610,882,18.6,0.3,81.10000000000001
433,0.04382994528367798,838,700,20.3,0.0,79.7
434,0.09374677511860194,359,853,19.3,0.1,80.60000000000001
435,0.06708244716095275,665,365,27.6,0.7000000000000001,71.7
436,0.06271947461766746,854,129,33.6,2.6,63.800000000000004
437,0.055220455982615706,165,967,31.4,1.5,67.10000000000001
438,0.08165887627765714,763,812,14.499999999999998,0.1,85.39999999999999
439,0.03460941268642669,800,497,23.3,0.6,76.1
440,0.054951426917503314,696,310,29.599999999999998,1.7000000000000002,68.7
441,0.09084200375520016,551,656,18.5,0.3,81.2
442,0.04712674096096877,763,197,32.6,3.8,63.6
443,0.025643796349101307,123,603,52.6,7.000000000000001,40.400000000000006
444,0.07290378195186355,305,302,33.900000000000006,2.9000000000000004,63.2
445,0.08598121739522296,369,100,35.699999999999996,5.3,59.0
446,0.02358260248181445,217,640,38.7,2.9000000000000004,58.4
447,0.08150439544778978,470,285,31.1,2.3,66.60000000000001
448,0.09762505939841828,945,972,10.2,0.0,89.8
449,0.027122178354639107,680,541,26.6,0.4,73.0
450,0.0451563073456016,642,777,20.4,0.0,79.60000000000001
451,0.02159912631868615,704,739,21.4,0.1,78.5
452,0.0669381500592606,809,529,18.7,0.5,80.80000000000001
453,0.07674490455027357,122,553,41.699999999999996,4.5,53.800000000000004
454,0.044612071626582414,266,950,27.200000000000003,0.6,72.2
455,0.060896944364985425,834,214,31.1,1.9,67.0
456,0.09189852557835346,271,611,28.1,1.2,70.7
457,0.04337773228912444,543,813,19.5,0.1,80.4
458,0.07028863694193864,698,656,19.900000000000002,0.2,79.9
459,0.09711326043344856,603,415,19.8,0.3,79.9
460,0.08711767413072714,759,568,17.7,0.2,82.1
461,0.015612541418717495,127,487,56.00000000000001,11.600000000000001,32.4
462,0.09627755874258179,788,810,14.2,0.0,85.8
463,0.038872650513106795,895,552,23.799999999999997,0.6,75.6
464,0.03265330398826072,889,277,31.4,2.0,66.60000000000001
465,0.09024748435742466,543,421,21.099999999999998,1.0999999999999999,77.8
466,0.05830624352499074,133,545,44.800000000000004,5.7,49.5
467,0.06302693316430732,339,252,37.0,5.3,57.699999999999996
468,0.026266540231925116,780,487,27.0,0.6,72.39999999999999
469,0.01836695862112773,379,411,43.9,5.2,50.9
470,0.05642339561160911,609,513,25.8,0.2,74.0
471,0.020842418620070927,402,939,24.3,0.6,75.1
472,0.03041187181814098,158,941,32.6,1.5,65.9
473,0.030652032699750004,297,769,31.900000000000002,1.4000000000000001,66.7
474,0.09237040124570622,983,742,12.0,0.1,87.9
475,0.08342521260483413,502,266,28.9,1.5,69.6
476,0.027141936055539745,913,398,28.1,1.4000000000000001,70.5
477,0.07564285304415676,493,724,17.7,0.2,82.1
478,0.07563437135238817,556,421,27.0,0.8,72.2
479,0.0408779468938438,517,535,26.8,0.8999999999999999,72.3
480,0.011340532679490003,673,432,32.300000000000004,1.7999999999999998,65.9
481,0.06011853385880378,742,933,14.099999999999998,0.1,85.8
482,0.07324433175370153,381,127,39.300000000000004,6.800000000000001,53.900000000000006
483,0.020250883152324525,911,803,17.1,0.2,82.69999999999999
484,0.05054072030933747,357,278,44.2,4.8,51.0
485,0.03426000281462062,741,392,30.4,1.0999999999999999,68.5
486,0.08811990340133806,730,712,16.7,0.1,83.2
487,0.055261351316967924,229,362,41.199999999999996,4.7,54.1
488,0.09375422208414534,324,545,28.199999999999996,1.0,70.8
489,0.022305794969690585,144,969,37.6,2.6,59.8
490,0.07766608004360322,657,139,33.900000000000006,1.7000000000000002,64.4
491,0.023866454953967192,349,378,43.2,5.7,51.1
492,0.09092293892703292,900,415,18.7,0.3,81.0
493,0.016999169458262683,943,840,15.9,0.1,84.0
494,0.08217340577856262,128,795,34.9,1.7000000000000002,63.4
495,0.07658114036999379,106,126,48.8,19.3,31.900000000000002
496,0.05986566354860342,674,629,19.3,0.3,80.4
497,0.05663808180814052,132,282,49.2,15.2,35.6
498,0.07925280898521135,394,587,24.6,0.7000000000000001,74.7
499,0.08752912878759608,206,611,29.5,1.2,69.3
500,0.0657313175114659,298,331,37.6,3.4000000000000004,59.0
501,0.07163700525388624,554,655,21.3,0.2,78.5
502,0.07585113913755404,532,359,25.3,0.8999999999999999,73.8
503,0.01921099414029826,572,536,30.4,1.3,68.30000000000001
504,0.029962438505398606,832,297,34.8,1.7999999999999998,63.4
505,0.02011208039959737,832,164,47.599999999999994,11.1,41.3
506,0.014238808255451235,433,871,25.4,0.5,74.1
507,0.04885889138843453,999,517,20.9,0.4,78.7
508,0.03509472096662667,829,260,35.6,3.0,61.4
509,0.023986224987269704,817,256,37.6,4.9,57.49999999999999
510,0.08679592576146755,579,835,16.3,0.0,83.7
511,0.037222130555113975,379,836,27.200000000000003,1.0,71.8
512,0.011806640112757252,275,874,29.799999999999997,1.0999999999999999,69.1
513,0.0465591280793832,428,225,42.699999999999996,6.5,50.8
514,0.07763568501888765,595,748,16.400000000000002,0.3,83.3
515,0.08443459353516422,129,931,32.2,1.7999999999999998,66.0
516,0.09887322383996609,247,281,33.5,3.6999999999999997,62.8
517,0.08724330360940995,611,145,27.200000000000003,1.5,71.3
518,0.07667309790577735,950,394,19.3,0.2,80.5
519,0.04598703516886763,651,636,20.9,0.6,78.5
520,0.05105430838071441,990,282,28.599999999999998,0.8999999999999999,70.5
521,0.018624748753399374,142,660,46.2,5.2,48.6
522,0.08290111553432206,482,592,21.3,0.2,78.5
523,0.07082085926200166,247,409,35.699999999999996,3.1,61.199999999999996
524,0.012738129327421424,642,306,40.8,6.3,52.900000000000006
525,0.09799744669769402,255,616,26.900000000000002,1.0,72.1
526,0.09336080926874857,668,740,16.7,0.0,83.3
527,0.07182849492830624,150,814,35.699999999999996,2.4,61.9
528,0.08903201217561298,615,187,27.900000000000002,1.6,70.5
529,0.024188756379692415,147,307,53.900000000000006,18.099999999999998,28.000000000000004
530,0.04854702474765334,668,839,19.6,0.1,80.30000000000001
531,0.0685603253211415,707,619,18.0,0.4,81.6
532,0.06913368664350827,469,854,17.599999999999998,0.3,82.1
533,0.03701818309446629,765,724,18.2,0.3,81.5
534,0.011123452634690901,822,679,21.7,0.5,77.8
535,0.01160785884473174,663,868,19.8,0.2,80.0
536,0.057328413825917204,712,923,15.6,0.0,84.39999999999999
537,0.03975258457115099,307,546,37.5,1.9,60.6
538,0.05171443569908484,482,916,19.1,0.4,80.5
539,0.017407346855388476,348,584,35.8,1.4000000000000001,62.8
540,0.04808658604622989,113,408,50.7,12.7,36.6
541,0.09257276226075896,436,588,22.6,0.1,77.3
542,0.06620110454084313,193,481,37.0,2.6,60.4
543,0.02346962645650979,804,421,31.6,1.3,67.10000000000001
544,0.06364732872839164,954,403,21.099999999999998,0.3,78.60000000000001
545,0.011013693203031638,706,171,52.5,17.5,30.0
546,0.030704997129025642,699,211,42.699999999999996,5.5,51.800000000000004
547,0.01719484257554958,941,109,47.8,18.0,34.2
548,0.03220640690253222,752,246,34.4,2.9000000000000004,62.7
549,0.021699188210166597,836,330,35.4,2.6,62.0
550,0.08633130341960021,356,298,31.5,1.7000000000000002,66.8
551,0.08876563517405102,712,913,11.5,0.0,88.5
552,0.06455389165675737,474,890,17.299999999999997,0.1,82.6
553,0.011878164398506611,588,590,28.1,1.4000000000000001,70.5
554,0.06983658342103037,166,565,34.1,3.1,62.8
555,0.0992735619635753,486,452,21.8,0.7000000000000001,77.5
556,0.021338576597372805,383,485,40.6,2.9000000000000004,56.49999999999999
557,0.04512863853149645,532,445,30.7,0.8999999999999999,68.4
558,0.024881171091662144,231,629,38.7,2.9000000000000004,58.4
559,0.09801540534837609,381,786,19.7,0.3,80.0
560,0.07575160553271544,476,592,21.099999999999998,0.5,78.4
561,0.061596206125226115,282,172,43.3,8.9,47.8
562,0.022506350830140326,890,335,33.300000000000004,1.7000000000000002,65.0
563,0.05458114470342805,744,655,18.7,0.4,80.9
564,0.05516137460374355,955,273,27.500000000000004,2.0,70.5
565,0.0975269027653198,881,235,19.3,0.6,80.10000000000001
566,0.0364208347914888,225,991,30.9,0.8,68.30000000000001
567,0.0379565382388313,498,637,26.5,0.5,73.0
568,0.05138181093878747,774,479,21.8,0.4,77.8
569,0.05523034849638661,551,311,33.0,2.0,65.0
570,0.08175500049994126,899,273,22.7,0.6,76.7
571,0.09915397382084123,573,335,24.099999999999998,0.8,75.1
572,0.014619869839023993,967,821,16.7,0.0,83.3
573,0.04335566660735119,848,997,15.5,0.0,84.5
574,0.08025695005991075,579,454,24.5,0.8,74.7
575,0.07566192894054888,298,725,25.0,0.6,74.4
576,0.09847978197907724,836,572,14.899999999999999,0.3,84.8
577,0.08317963312866025,996,639,14.499999999999998,0.1,85.39999999999999
578,0.07056746647551633,635,487,22.0,0.6,77.4
579,0.07934299600197753,656,639,16.7,0.1,83.2
580,0.04065999742461752,469,103,47.599999999999994,15.0,37.4
581,0.05863178806848183,595,475,25.6,0.5,73.9
582,0.015144919200945876,404,836,22.0,0.8999999999999999,77.10000000000001
583,0.08754894468376061,265,999,22.1,0.1,77.8
584,0.06238125352214297,756,265,28.999999999999996,1.7999999999999998,69.19999999999999
585,0.03208474785928049,374,207,46.7,12.6,40.699999999999996
586,0.047640222967224206,986,585,20.1,0.5,79.4
587,0.0473957811777412,342,214,44.4,9.1,46.5
588,0.046684201335336795,146,317,48.6,13.900000000000002,37.5
589,0.06211709350267251,370,143,40.9,6.3,52.800000000000004
590,0.04629983916294656,738,274,32.2,2.6,65.2
591,0.011374619070861593,882,764,16.0,0.1,83.89999999999999
592,0.04603375291321475,510,936,19.3,0.1,80.60000000000001
593,0.08522647582813563,300,293,33.4,2.9000000000000004,63.7
594,0.05416981718466051,657,248,34.9,2.4,62.7
595,0.015908308173375116,961,988,13.8,0.2,86.0
596,0.08371471037979221,777,242,23.400000000000002,0.8,75.8
597,0.06260966709092998,585,308,31.5,1.6,66.9
598,0.04723443651196987,122,415,49.8,10.4,39.800000000000004
599,0.018191226214737885,913,734,20.1,0.0,79.9
600,0.05750253684610758,449,465,28.1,1.0,70.89999999999999
601,0.011466435524766054,607,300,43.4,6.9,49.7
602,0.02885476786965438,830,900,16.400000000000002,0.0,83.6
603,0.019425488970950075,591,410,37.4,2.9000000000000004,59.699999999999996
604,0.09887946931887656,514,805,15.9,0.3,83.8
605,0.018857106704040186,950,470,28.199999999999996,0.6,71.2
606,0.08781320642005482,653,871,13.5,0.1,86.4
607,0.03219898604301472,761,222,38.7,4.1000000000000005,57.199999999999996
608,0.05126262161260378,176,105,51.5,24.8,23.7
609,0.04863574466168588,348,109,47.9,16.400000000000002,35.699999999999996
610,0.09989915583952248,981,466,13.900000000000002,0.4,85.7
611,0.05703445205343385,500,131,40.2,5.5,54.300000000000004
612,0.018744679077846695,741,167,45.0,12.9,42.1
613,0.09589736988659726,899,886,11.0,0.0,89.0
614,0.07945458113609821,157,253,40.699999999999996,11.1,48.199999999999996
615,0.03338508338690557,950,854,15.2,0.1,84.7
616,0.07626506981379304,209,464,34.599999999999994,2.7,62.7
617,0.03436198089783698,258,912,27.6,1.2,71.2
618,0.06489075555463061,985,723,14.6,0.1,85.3
619,0.07142721154404033,869,398,21.9,0.3,77.8
620,0.0384938728352008,300,775,30.599999999999998,1.3,68.10000000000001
621,0.08036441900845473,114,781,35.5,1.9,62.6
622,0.02106529355273593,129,775,42.8,4.5,52.7
623,0.08676603493358981,728,825,13.200000000000001,0.1,86.7
624,0.04439590781750102,430,916,23.1,0.0,76.9
625,0.056847118775652614,774,562,20.5,0.1,79.4
626,0.05368865830896996,644,983,16.1,0.0,83.89999999999999
627,0.08553990447557162,791,703,16.400000000000002,0.2,83.39999999999999
628,0.05849479185288211,856,638,15.299999999999999,0.1,84.6
629,0.043198143566262844,679,814,17.2,0.1,82.69999999999999
630,0.029312958602434748,758,743,21.9,0.1,78.0
631,0.04012052642172526,891,619,19.3,0.1,80.60000000000001
632,0.044162006590168175,878,394,24.4,0.6,75.0
633,0.039156916132438546,952,425,24.2,1.2,74.6
634,0.051875331784454186,261,596,33.2,1.6,65.2
635,0.08842198725579545,460,368,24.9,1.3,73.8
636,0.03200432728294796,862,854,16.5,0.1,83.39999999999999
637,0.014999553434746009,986,782,15.6,0.4,84.0
638,0.06598525032227519,198,149,45.6,15.2,39.2
639,0.06878070909984371,293,858,22.5,1.2,76.3
640,0.03766104910099725,223,187,51.5,18.4,30.099999999999998
641,0.030659881414926156,421,290,42.5,4.9,52.6
642,0.06567748582264249,903,926,12.1,0.0,87.9
643,0.09060149942253132,554,838,16.5,0.1,83.39999999999999
644,0.034442216655421985,383,422,39.7,3.3000000000000003,56.99999999999999
645,0.07770752876362534,553,558,22.900000000000002,0.4,76.7
646,0.040017888644738465,983,992,14.6,0.3,85.1
647,0.09734177058386886,927,969,11.200000000000001,0.0,88.8
648,0.07476892815067437,593,898,14.7,0.4,84.89999999999999
649,0.07058594465752661,560,840,16.5,0.3,83.2
650,0.07160168052040072,639,141,32.300000000000004,3.1,64.60000000000001
651,0.014055192537096254,723,808,19.1,0.3,80.60000000000001
652,0.019423571072387194,935,823,18.9,0.2,80.9
653,0.027441594472728655,994,812,15.299999999999999,0.3,84.39999999999999
654,0.04941065563963404,285,891,26.5,0.4,73.1
655,0.03236556326512264,527,274,43.7,5.1,51.2
656,0.0976841341107566,377,681,21.6,0.6,77.8
657,0.05060904517627176,118,230,50.6,21.6,27.800000000000004
658,0.05392717806861354,918,458,20.8,0.4,78.8
659,0.06962089406715675,834,473,21.5,0.2,78.3
660,0.037876607288326126,613,926,20.0,0.0,80.0
661,0.010318011280104506,533,615,26.900000000000002,1.0,72.1
662,0.02004561592350744,854,250,41.8,4.2,54.0
663,0.03837751145283466,697,497,24.4,0.3,75.3
664,0.0168093699561088,595,692,24.6,0.5,74.9
665,0.05212435860610303,943,441,23.1,0.3,76.6
666,0.04264824711210171,291,828,26.6,0.6,72.8
667,0.06502251515403393,936,351,21.8,0.6,77.60000000000001
668,0.0825615434227951,981,216,24.0,1.0,75.0
669,0.035299916487755524,397,153,50.5,16.0,33.5
670,0.08362950741606025,946,761,12.8,0.5,86.7
671,0.019753954207596895,995,351,31.8,1.0,67.2
672,0.016033919977523806,686,352,38.9,4.1000000000000005,56.99999999999999
673,0.08937018366052624,732,762,14.099999999999998,0.0,85.9
674,0.08317315840994019,493,977,16.900000000000002,0.0,83.1
675,0.04766062983438614,795,414,24.8,1.0,74.2
676,0.05752502761053051,595,259,33.7,2.0,64.3
677,0.09930458031432154,612,608,17.8,0.3,81.89999999999999
678,0.034855927728057366,927,811,17.1,0.2,82.69999999999999
679,0.07520665018496601,987,944,12.7,0.0,87.3
680,0.06674641758496903,755,575,19.5,0.2,80.30000000000001
681,0.05919707198905071,921,325,22.6,1.0999999999999999,76.3
682,0.061306987581478865,400,496,30.5,1.6,67.9
683,0.0859614534865697,477,512,23.5,0.7000000000000001,75.8
684,0.011899109795006798,415,430,38.6,2.8000000000000003,58.599999999999994
685,0.01850071253772651,755,188,45.5,10.299999999999999,44.2
686,0.034659371462674456,212,721,34.9,1.9,63.2
687,0.036055209843654595,174,880,34.8,2.5,62.7
688,0.05321132869102068,840,222,32.4,3.1,64.5
689,0.033820666461097514,922,587,20.0,0.2,79.80000000000001
690,0.01629225204351586,913,944,13.700000000000001,0.1,86.2
691,0.0949841817320102,582,800,15.2,0.2,84.6
692,0.09205980766170549,270,962,21.8,0.3,77.9
693,0.08513833295342575,341,632,25.1,0.4,74.5
694,0.030301168168803627,894,683,20.7,0.3,79.0
695,0.01992786123953301,178,672,42.0,3.5999999999999996,54.400000000000006
696,0.05169711180212828,565,299,33.300000000000004,1.7999999999999998,64.9
697,0.01238273188655325,178,265,54.7,26.6,18.7
698,0.0752186226985463,583,768,18.5,0.0,81.5
699,0.0196905994906159,164,154,55.400000000000006,36.6,8.0
700,0.035083498413617735,796,799,17.9,0.2,81.89999999999999
701,0.014671306856827625,111,721,43.9,6.2,49.9
702,0.024513068257068053,147,176,51.800000000000004,34.2,14.000000000000002
703,0.06144813351407275,705,620,19.8,0.1,80.10000000000001
704,0.010128533455673994,832,957,13.900000000000002,0.3,85.8
705,0.01917085587398389,275,558,42.5,3.2,54.300000000000004
706,0.08055727636053003,145,482,39.5,3.3000000000000003,57.199999999999996
707,0.06808592615817749,827,222,25.0,1.5,73.5
708,0.09655765751086758,594,913,14.299999999999999,0.2,85.5
709,0.08890025279031118,292,656,26.5,0.5,73.0
710,0.0839202736274221,879,302,23.799999999999997,0.5,75.7
711,0.07616640323023403,372,192,37.0,4.1000000000000005,58.9
712,0.07445348107034976,218,636,34.1,1.3,64.60000000000001
713,0.053983068537159284,123,617,41.4,4.3,54.300000000000004
714,0.023836143386513062,729,479,32.800000000000004,2.1,65.10000000000001
715,0.04148667479163561,104,413,55.900000000000006,13.5,30.599999999999998
716,0.054081283467032386,374,342,35.3,3.1,61.6
717,0.07086645912928158,853,910,13.200000000000001,0.0,86.8
718,0.0859124188604575,412,189,33.6,2.4,64.0
719,0.07653662372945477,985,660,13.100000000000001,0.3,86.6
720,0.08600004481596853,406,890,16.2,0.5,83.3
721,0.09497902625589907,668,158,22.400000000000002,1.6,76.0
722,0.08894037655668766,749,792,15.0,0.1,84.89999999999999
723,0.06811609864600494,225,450,35.9,3.0,61.1
724,0.05338645162946572,753,686,18.099999999999998,0.1,81.8
725,0.07565240776142382,610,682,18.0,0.3,81.69999999999999
726,0.010283270809195635,806,691,20.599999999999998,0.8,78.60000000000001
727,0.02329015034100501,220,479,46.2,7.5,46.300000000000004
728,0.05491870601111692,323,737,25.4,0.8999999999999999,73.7
729,0.09283695189544132,356,554,23.0,0.5,76.5
730,0.08614545193377748,233,104,43.6,8.3,48.1
731,0.010734940041982069,984,394,33.5,2.3,64.2
732,0.07318571076085459,459,635,21.5,0.2,78.3
733,0.037059555989850036,315,552,34.5,1.9,63.6
734,0.06829562047300794,421,323,32.1,1.5,66.4
735,0.027335998773974156,167,830,35.9,2.0,62.1
736,0.05109583367810002,724,963,15.8,0.0,84.2
737,0.031400036898243285,862,668,20.1,0.2,79.7
738,0.03246805900708763,376,457,35.8,2.3,61.9
739,0.034952239990055055,590,602,26.0,0.5,73.5
740,0.07019329925797727,243,805,26.200000000000003,0.6,73.2
741,0.0890179107712408,143,342,44.7,5.3,50.0
742,0.020878430499279677,821,313,35.8,2.1,62.1
743,0.06881496861644697,612,649,19.2,0.1,80.7
744,0.039994157065485474,593,883,21.7,0.6,77.7
745,0.02877300502208826,659,691,23.3,0.7000000000000001,76.0
746,0.04284545655675074,341,319,38.9,4.9,56.2
747,0.014251756433169754,468,913,21.3,0.5,78.2
748,0.024449898101359904,432,637,30.7,1.2,68.10000000000001
749,0.05480420412193516,687,892,16.8,0.1,83.1
750,0.028297167119109207,507,720,25.5,1.0999999999999999,73.4
751,0.02817927379051978,296,664,36.1,1.7999999999999998,62.1
752,0.012759789202927179,428,666,29.5,1.6,68.89999999999999
753,0.04331317736092239,477,509,30.3,1.0999999999999999,68.60000000000001
754,0.03531342455862925,698,703,22.900000000000002,0.4,76.7
755,0.017460350172601127,229,723,34.5,2.4,63.1
756,0.09200813355949833,362,651,21.6,0.7000000000000001,77.7
757,0.01973537479093987,644,559,28.1,0.8999999999999999,71.0
758,0.054535417161143976,814,462,23.0,0.5,76.5
759,0.021682823221891627,408,267,46.300000000000004,10.7,43.0
760,0.03826645520934641,718,380,30.0,2.4,67.60000000000001
761,0.057138239335451424,878,187,31.1,2.8000000000000003,66.10000000000001
762,0.032168530721651545,837,648,23.3,0.8,75.9
763,0.016126524266376716,776,576,25.1,0.8999999999999999,74.0
764,0.020794669888083286,571,663,25.1,0.3,74.6
765,0.04014376364658255,324,760,24.5,0.7000000000000001,74.8
766,0.062166471878552426,366,559,28.799999999999997,0.8,70.39999999999999
767,0.09985742212164354,251,191,34.9,4.5,60.6
768,0.08429292571028525,961,715,13.900000000000002,0.0,86.1
769,0.07125850746763857,568,966,15.1,0.1,84.8
770,0.010600581131637815,170,401,51.4,13.0,35.6
771,0.09468876021726759,442,632,20.5,0.3,79.2
772,0.04561972558971629,562,884,19.8,0.0,80.2
773,0.0643135291092336,513,507,26.3,0.6,73.1
774,0.09896094097411673,660,665,16.400000000000002,0.1,83.5
775,0.07072919341657817,835,773,15.5,0.2,84.3
776,0.03515140944759431,422,266,42.4,5.3,52.300000000000004
777,0.07407478288052768,586,219,29.4,2.1,68.5
778,0.05141329633763378,912,325,26.5,1.2,72.3
779,0.08817983716014904,617,713,17.1,0.1,82.8
780,0.02086612726859384,381,647,30.599999999999998,0.7000000000000001,68.7
781,0.05177933570798451,412,384,35.0,2.1999999999999997,62.8
782,0.06873494781558225,180,411,38.3,4.5,57.199999999999996
783,0.06405857771305067,362,879,21.8,0.5,77.7
784,0.04723040325448932,643,473,27.500000000000004,1.5,71.0
785,0.05570484417959103,186,184,47.199999999999996,15.6,37.2
786,0.06732266137041328,849,942,11.600000000000001,0.0,88.4
787,0.039291370776705636,304,966,27.400000000000002,0.6,72.0
788,0.02279886817827667,606,822,21.5,0.3,78.2
789,0.03787349531057236,554,638,23.599999999999998,1.0999999999999999,75.3
790,0.09566234156767343,883,891,12.3,0.0,87.7
791,0.07606406263199074,446,932,17.5,0.3,82.19999999999999
792,0.043344271354875744,591,757,20.8,0.2,79.0
793,0.014019895039240794,534,869,21.9,0.2,77.9
794,0.058861842764090996,101,278,53.0,17.2,29.799999999999997
795,0.017897186954650667,762,252,42.5,6.4,51.1
796,0.03773025415035963,777,757,19.2,0.5,80.30000000000001
797,0.017157242631530262,811,205,43.6,9.2,47.199999999999996
798,0.09046101341654045,562,996,14.799999999999999,0.0,85.2
799,0.04213196709572092,337,443,36.5,2.6,60.9
800,0.06324955020563482,301,651,27.700000000000003,0.8,71.5
801,0.07355876307001759,267,834,27.3,0.8,71.89999999999999
802,0.026667777924575073,303,223,51.1,16.1,32.800000000000004
803,0.030289517685863826,806,359,29.5,1.5,69.0
804,0.045847082507064235,483,963,21.4,0.2,78.4
805,0.09513756041383829,789,819,13.5,0.0,86.5
806,0.050842424903263905,204,369,41.4,7.7,50.9
807,0.05215204828085062,162,999,28.599999999999998,1.7000000000000002,69.69999999999999
808,0.0833141524205163,359,612,22.5,0.3,77.2
809,0.08691444577193329,572,794,17.299999999999997,0.1,82.6
810,0.04102028493315025,794,306,29.599999999999998,1.0999999999999999,69.3
811,0.054087016547736615,264,384,37.4,4.3999999999999995,58.199999999999996
812,0.05922885513409335,701,423,23.1,1.0999999999999999,75.8
813,0.026402334381260932,199,317,51.2,14.499999999999998,34.300000000000004
814,0.09892447730044258,154,803,29.4,1.2,69.39999999999999
815,0.08246554187659588,691,709,17.599999999999998,0.2,82.19999999999999
816,0.049216320527350386,538,970,16.6,0.1,83.3
817,0.0774080640354242,180,500,39.300000000000004,3.1,57.599999999999994
818,0.03024927950367968,150,621,45.4,5.3,49.3
819,0.022987813018287614,128,397,57.99999999999999,12.7,29.299999999999997
820,0.09098597444116242,407,231,30.599999999999998,1.7999999999999998,67.60000000000001
821,0.09170029533198759,532,177,26.0,1.7999999999999998,72.2
822,0.018313959293417517,733,294,39.2,4.3,56.49999999999999
823,0.05549766440186466,988,714,18.6,0.1,81.3
824,0.04553560935690205,742,643,20.5,0.2,79.3
825,0.04242791790585868,180,175,51.6,23.400000000000002,25.0
826,0.0839947015540149,734,650,15.5,0.2,84.3
827,0.03749771735739932,368,437,33.800000000000004,3.1,63.1
828,0.060781374228930145,528,164,36.0,5.4,58.599999999999994
829,0.021552488961997823,157,671,41.0,5.4,53.6
830,0.09685577807143352,413,124,30.5,2.5,67.0
831,0.04968445624257453,809,594,19.1,0.4,80.5
832,0.07834987756685542,973,690,16.2,0.1,83.7
833,0.030063178530140768,253,224,49.5,16.6,33.900000000000006
834,0.03094298001201324,428,829,23.599999999999998,0.2,76.2
835,0.022340630710745817,156,862,37.4,3.4000000000000004,59.199999999999996
836,0.09621458460109057,689,847,14.299999999999999,0.1,85.6
837,0.056844723890777216,488,316,33.1,1.4000000000000001,65.5
838,0.024323613769875276,923,153,45.1,9.5,45.4
839,0.010347909841002523,400,905,23.0,0.5,76.5
840,0.010692671543064074,908,627,20.1,0.6,79.3
841,0.04550441744141845,826,422,26.700000000000003,0.2,73.1
842,0.05221695452430908,398,309,39.2,4.0,56.8
843,0.0754715060049803,591,149,30.0,2.0,68.0
844,0.039067178076138666,179,678,37.2,2.0,60.8
845,0.09555746506108313,681,217,23.9,0.8999999999999999,75.2
846,0.08703688299204485,628,768,15.0,0.2,84.8
847,0.01547507293089448,137,548,47.5,7.6,44.9
848,0.05801836827936494,244,181,43.7,12.9,43.4
849,0.030358335518108348,536,783,24.9,0.5,74.6
850,0.011420961545062683,728,760,18.9,0.3,80.80000000000001
851,0.02756408983896219,315,352,45.4,5.800000000000001,48.8
852,0.08694942435106742,484,419,22.3,1.0,76.7
853,0.031516155702740294,238,681,34.2,1.7000000000000002,64.1
854,0.011358441901176625,530,517,31.900000000000002,2.3,65.8
855,0.02860789461408833,666,907,19.0,0.4,80.60000000000001
856,0.0759279093897171,721,639,18.3,0.2,81.5
857,0.012281435145447741,683,282,45.800000000000004,6.0,48.199999999999996
858,0.0704400659351915,431,893,19.900000000000002,0.2,79.9
859,0.07472029853737391,260,640,28.999999999999996,1.4000000000000001,69.6
860,0.08894633986561029,330,871,19.900000000000002,0.4,79.7
861,0.05890122904512052,701,204,32.7,2.5,64.8
862,0.07052706606473826,260,483,33.0,2.3,64.7
863,0.043837308353404804,623,136,41.6,6.5,51.9
864,0.08372162255207166,666,352,22.0,0.7000000000000001,77.3
865,0.0355446654275613,978,457,23.0,0.3,76.7
866,0.01818038513387998,493,477,38.2,1.6,60.199999999999996
867,0.023366589732793364,705,410,30.2,2.1999999999999997,67.60000000000001
868,0.020280335650973078,302,118,53.400000000000006,32.5,14.099999999999998
869,0.08108781797382442,275,897,22.400000000000002,0.5,77.10000000000001
870,0.01223494122428461,178,484,50.2,8.4,41.4
871,0.02549268427622078,794,474,29.799999999999997,1.4000000000000001,68.8
872,0.044995719715594004,745,306,31.7,1.2,67.10000000000001
873,0.05116972907962833,581,346,31.900000000000002,1.6,66.5
874,0.08408774976740238,443,645,19.8,0.3,79.9
875,0.07648502337194465,179,672,33.0,2.1,64.9
876,0.05036447648685821,412,541,29.799999999999997,0.8999999999999999,69.3
877,0.07649449236386066,555,934,14.7,0.3,85.0
878,0.02844513767139463,975,325,31.0,1.7000000000000002,67.30000000000001
879,0.0817240680143989,116,453,43.5,6.2,50.3
880,0.0389072740486246,309,998,24.5,0.4,75.1
881,0.052045433609563006,335,883,21.3,0.3,78.4
882,0.08779164860163031,322,641,26.5,0.6,72.89999999999999
883,0.03472172196782806,127,464,50.9,9.2,39.900000000000006
884,0.08540919795393266,594,482,21.4,0.4,78.2
885,0.09661283525285538,884,486,18.099999999999998,0.0,81.89999999999999
886,0.06610517056327979,412,792,22.900000000000002,0.3,76.8
887,0.039186891274998734,350,894,26.700000000000003,0.1,73.2
888,0.04131904647699443,283,215,45.0,12.0,43.0
889,0.04176980172547629,667,312,32.300000000000004,1.7000000000000002,66.0
890,0.0732027252768602,147,167,45.7,14.399999999999999,39.900000000000006
891,0.09441703089110749,995,323,19.6,0.1,80.30000000000001
892,0.04311687321798253,540,165,43.8,7.3999999999999995,48.8
893,0.04423718116185226,630,580,24.0,0.6,75.4
894,0.047730356991523566,131,625,44.1,4.2,51.7
895,0.058976824538333715,939,467,19.6,0.2,80.2
896,0.08724134191239932,396,629,22.900000000000002,0.4,76.7
897,0.02116302329104799,778,663,22.400000000000002,0.7000000000000001,76.9
898,0.06642587869594344,390,740,25.0,0.4,74.6
899,0.019115230179707527,866,709,20.5,0.2,79.3
900,0.07568976071158676,891,479,18.9,0.4,80.7
901,0.06005490602272898,238,846,28.999999999999996,1.2,69.8
902,0.023494637906927046,236,386,47.099999999999994,8.799999999999999,44.1
903,0.06004134227145394,471,291,34.5,3.1,62.4
904,0.06692011829974001,455,620,21.7,0.5,77.8
905,0.06955397355574172,171,685,35.199999999999996,2.1,62.7
906,0.08668113614747582,778,153,24.8,1.0999999999999999,74.1
907,0.017990109763116303,741,625,24.3,0.7000000000000001,75.0
908,0.04577607787202352,895,918,15.9,0.1,84.0
909,0.037480014265640196,637,943,17.8,0.4,81.8
910,0.020586776781031196,486,490,34.599999999999994,2.7,62.7
911,0.013931459678831904,776,717,20.8,0.4,78.8
912,0.047319935001583005,563,387,29.799999999999997,1.3,68.89999999999999
913,0.04714438726780464,590,466,26.900000000000002,1.0,72.1
914,0.0715852467948286,790,648,15.7,0.0,84.3
915,0.04721920939667858,808,695,17.8,0.0,82.19999999999999
916,0.013897853261877716,136,430,54.300000000000004,13.900000000000002,31.8
917,0.029773352481653047,998,105,46.400000000000006,9.1,44.5
918,0.05144404568346738,471,375,32.7,1.6,65.7
919,0.09980942235154283,427,130,30.3,2.1999999999999997,67.5
920,0.022114321186452422,547,347,38.4,3.5000000000000004,58.099999999999994
921,0.07381937182529351,142,224,45.1,12.5,42.4
922,0.04723155253884271,572,785,19.400000000000002,0.1,80.5
923,0.04450685849463763,463,458,29.799999999999997,1.4000000000000001,68.8
924,0.0832238776207618,525,234,28.1,1.4000000000000001,70.5
925,0.061668401224633504,352,407,30.4,1.7999999999999998,67.80000000000001
926,0.022409222664053825,521,530,32.2,2.1999999999999997,65.60000000000001
927,0.08816227117158257,381,267,31.3,2.1,66.60000000000001
928,0.051545889368143555,132,316,47.3,12.5,40.2
929,0.08639622114520945,958,343,16.900000000000002,0.2,82.89999999999999
930,0.03450530222937206,372,261,46.2,8.3,45.5
931,0.021557611194786115,579,423,34.5,2.3,63.2
932,0.01045390132467025,601,258,45.6,9.9,44.5
933,0.06451690502293797,724,938,13.3,0.1,86.6
934,0.015869814704189012,545,178,52.0,16.400000000000002,31.6
935,0.013435230715401605,716,460,29.299999999999997,1.9,68.8
936,0.0488021760471811,365,455,35.3,2.3,62.4
937,0.055988963957244405,834,914,14.799999999999999,0.1,85.1
938,0.09210364708610648,967,639,12.7,0.1,87.2
939,0.07221556987765489,639,352,25.1,1.6,73.3
940,0.024500292615268066,736,103,47.199999999999996,17.8,35.0
941,0.09403940387971879,241,522,30.5,1.3,68.2
942,0.06653217395144913,119,974,32.6,1.7000000000000002,65.7
943,0.0695015491425878,305,530,28.4,1.6,70.0
944,0.07660688959223592,543,318,28.9,1.0,70.1
945,0.08860410564611097,939,286,20.3,0.6,79.10000000000001
946,0.06009332011014755,767,580,19.7,0.3,80.0
947,0.015480924922444066,247,632,42.1,2.7,55.2
948,0.030240326576462688,306,612,36.8,2.3,60.9
949,0.07833369849580096,805,495,20.3,0.5,79.2
950,0.0515557916460271,273,164,46.6,12.5,40.9
951,0.05106725988892748,284,452,36.5,2.8000000000000003,60.699999999999996
952,0.056839811712952985,762,516,20.7,0.8,78.5
953,0.024318752158107096,310,969,24.099999999999998,0.4,75.5
954,0.07777049051625784,900,948,12.3,0.3,87.4
955,0.030869675733495236,116,861,43.2,4.1000000000000005,52.7
956,0.06338092044427719,604,366,27.6,0.8999999999999999,71.5
957,0.09167297919318805,911,511,17.599999999999998,0.0,82.39999999999999
958,0.08084041954495935,358,824,19.7,0.3,80.0
959,0.06081582162759077,480,789,18.6,0.1,81.3
960,0.03429927169680377,430,279,43.3,5.7,51.0
961,0.030923046973545955,218,900,30.4,1.0999999999999999,68.5
962,0.0761141349919796,570,503,21.3,1.0,77.7
963,0.06736028557683867,205,810,27.900000000000002,1.0999999999999999,71.0
964,0.07371645018317968,508,978,16.5,0.3,83.2
965,0.05877167296989763,894,862,14.7,0.0,85.3
966,0.040924680668672844,782,960,18.3,0.1,81.6
967,0.05213807483363848,940,784,14.6,0.1,85.3
968,0.07438489658137604,608,313,27.500000000000004,1.4000000000000001,71.1
969,0.05494555824689476,471,729,22.0,0.2,77.8
970,0.04431208465845054,541,876,22.6,0.3,77.10000000000001
971,0.06781317546581905,454,117,38.5,5.2,56.3
972,0.09704263370415245,565,600,19.3,0.2,80.5
973,0.08428623526185793,252,115,42.0,7.6,50.4
974,0.09956423952203257,943,910,10.2,0.1,89.7
975,0.030951408553228983,417,918,21.5,0.3,78.2
976,0.08972624826083674,518,300,30.0,0.7000000000000001,69.3
977,0.035579583679076,747,478,26.1,1.0999999999999999,72.8
978,0.05529914548183888,740,687,19.2,0.2,80.60000000000001
979,0.09340750770738578,425,751,20.8,0.4,78.8
980,0.09145425349129328,449,457,23.9,0.7000000000000001,75.4
981,0.042394135163624495,272,133,53.800000000000004,15.9,30.3
982,0.09300597654415418,783,185,21.8,1.0999999999999999,77.10000000000001
983,0.04718336652660663,726,311,28.999999999999996,1.9,69.1
984,0.027681820883029826,604,422,30.7,1.7000000000000002,67.60000000000001
985,0.0720527905652246,545,704,21.2,0.3,78.5
986,0.02822459019312188,521,930,19.900000000000002,0.5,79.60000000000001
987,0.03902666843339039,854,142,40.400000000000006,4.3999999999999995,55.2
988,0.016531281704155465,453,699,27.1,0.5,72.39999999999999
989,0.022821809623873205,619,195,49.2,9.8,41.0
990,0.03088401202688902,227,767,36.6,1.7000000000000002,61.7
991,0.03582888967842538,475,648,26.5,0.5,73.0
992,0.05528011823762796,288,787,26.0,0.5,73.5
993,0.018561006929425625,197,366,51.6,11.700000000000001,36.7
994,0.05156761111018369,464,365,33.4,1.9,64.7
995,0.040362110371717254,195,997,31.3,1.5,67.2
996,0.02264975809497459,972,779,17.299999999999997,0.1,82.6
997,0.07233292480577437,823,481,19.6,0.1,80.30000000000001
998,0.07958024260833002,709,387,22.3,0.8,76.9
999,0.08509422273858935,816,812,13.5,0.0,86.5
1000,0.055480928911466734,806,959,12.7,0.1,87.2
1001,0.03896708096179124,467,480,30.599999999999998,1.0,68.4
1002,0.037382326720587895,659,737,20.4,0.4,79.2
1003,0.08168963107621967,925,322,21.6,0.7000000000000001,77.7
1004,0.0661197094511584,433,194,38.2,4.5,57.3
1005,0.05666142290633976,389,560,29.4,1.0,69.6
1006,0.049503710653383166,890,517,21.9,0.2,77.9
1007,0.09063122032396957,287,280,34.4,2.9000000000000004,62.7
1008,0.02875693142681949,198,219,51.1,24.7,24.2
1009,0.010870551935812508,630,253,43.2,9.2,47.599999999999994
1010,0.02605685249856341,140,402,52.400000000000006,12.5,35.099999999999994
1011,0.053384235540965115,531,521,26.1,0.2,73.7
1012,0.08426994832911892,449,758,21.6,0.5,77.9
1013,0.06560361655028053,799,195,30.9,1.6,67.5
1014,0.06411961897235009,732,129,35.4,2.7,61.9
1015,0.035381692586011655,986,357,26.400000000000002,1.4000000000000001,72.2
1016,0.013751368522379386,378,741,28.199999999999996,1.0,70.8
1017,0.09247828846745623,415,486,24.8,1.0,74.2
1018,0.05145893718669989,644,970,13.900000000000002,0.0,86.1
1019,0.0555546279885815,220,151,47.4,16.0,36.6
1020,0.016379868348303676,198,406,48.3,12.2,39.5
1021,0.09355719963454918,808,948,13.700000000000001,0.0,86.3
1022,0.043553050231772784,747,591,19.8,0.5,79.7
1023,0.06281739094806922,538,722,17.1,0.7000000000000001,82.19999999999999
1024,0.09591622064438081,402,843,18.2,0.3,81.5
1025,0.0818996456287204,892,768,12.6,0.0,87.4
1026,0.014820174695691775,348,528,36.7,3.8,59.5
1027,0.05419390651057753,226,880,27.400000000000002,0.6,72.0
1028,0.06326048195355131,990,666,16.900000000000002,0.2,82.89999999999999
1029,0.05508198489431564,395,267,36.7,4.1000000000000005,59.199999999999996
1030,0.017131564263324878,114,786,46.5,4.6,48.9
1031,0.09744642239531484,878,561,17.1,0.1,82.8
1032,0.03322206205833358,468,567,30.099999999999998,0.8999999999999999,69.0
1033,0.015563939537834207,109,192,53.2,39.1,7.7
1034,0.07909348443570095,257,504,29.9,2.1,68.0
1035,0.09943066804897517,927,489,15.1,0.3,84.6
1036,0.029614933711055544,555,974,18.5,0.2,81.3
1037,0.0128486208378154,745,986,17.2,0.1,82.69999999999999
1038,0.04745518675253996,559,314,32.800000000000004,2.1,65.10000000000001
1039,0.025339384656913384,719,264,41.9,3.5999999999999996,54.50000000000001
1040,0.06027200341417775,626,277,30.7,1.7999999999999998,67.5
